<?xml version="1.0" encoding="UTF-8"?>
<project-private xmlns="http://www.netbeans.org/ns/project-private/1">
    <editor-bookmarks xmlns="http://www.netbeans.org/ns/editor-bookmarks/2" lastBookmarkId="0"/>
    <open-files xmlns="http://www.netbeans.org/ns/projectui-open-files/2">
        <group>
            <file>file:/C:/Users/kevin/Documents/U.%20Distrital/Seventh%20Semester/Science%203/AnalizadorLexico/src/Analyzer/Lexico.flex</file>
            <file>file:/C:/Users/kevin/Documents/U.%20Distrital/Seventh%20Semester/Science%203/AnalizadorLexico/src/Analyzer/AnalizadorLexico.java</file>
            <file>file:/C:/Users/kevin/Documents/U.%20Distrital/Seventh%20Semester/Science%203/AnalizadorLexico/src/Analyzer/Formulario.java</file>
            <file>file:/C:/Users/kevin/Documents/U.%20Distrital/Seventh%20Semester/Science%203/AnalizadorLexico/src/Analyzer/Tokens.java</file>
            <file>file:/C:/Users/kevin/Documents/U.%20Distrital/Seventh%20Semester/Science%203/AnalizadorLexico/src/Analyzer/MyNewFile.java</file>
        </group>
    </open-files>
</project-private>
